[
  {"pfi":"1","facilityName":"Albany Medical Center Hospital","system":"Albany Med Health System","county":"Albany","regionSlug":"capital-district"},
  {"pfi":"2","facilityName":"Albany Medical Center - South Clinical Campus","system":"Albany Med Health System","county":"Albany","regionSlug":"capital-district"},
  {"pfi":"324","facilityName":"Adirondack Medical Center-Saranac Lake Site","system":"Independent","county":"Franklin","regionSlug":"north-country"},
  {"pfi":"739","facilityName":"A.O. Fox Memorial Hospital","system":"Bassett Healthcare Network","county":"Otsego","regionSlug":"southern-tier"},
  {"pfi":"116","facilityName":"Arnot Ogden Medical Center","system":"Arnot Health","county":"Chemung","regionSlug":"southern-tier"},
  {"pfi":"85","facilityName":"Auburn Community Hospital","system":"Independent","county":"Cayuga","regionSlug":"central-ny"},
  {"pfi":"1438","facilityName":"Bellevue Hospital Center","system":"NYC Health + Hospitals","county":"New York","regionSlug":"nyc-metro"},
  {"pfi":"280","facilityName":"Bertrand Chaffee Hospital","system":"Independent","county":"Erie","regionSlug":"western-ny"},
  {"pfi":"1138","facilityName":"Blythedale Children's Hospital","system":"Independent","county":"Westchester","regionSlug":"hudson-valley"},
  {"pfi":"708","facilityName":"Bon Secours Community Hospital","system":"WMCHealth","county":"Orange","regionSlug":"hudson-valley"},
  {"pfi":"1164","facilityName":"BronxCare Hospital Center","system":"BronxCare","county":"Bronx","regionSlug":"nyc-metro"},
  {"pfi":"1178","facilityName":"BronxCare Hospital Center","system":"BronxCare","county":"Bronx","regionSlug":"nyc-metro"},
  {"pfi":"1286","facilityName":"Brookdale Hospital Medical Center","system":"One Brooklyn Health","county":"Kings","regionSlug":"nyc-metro"},
  {"pfi":"1288","facilityName":"Brooklyn Hospital Center - Downtown Campus","system":"Independent","county":"Kings","regionSlug":"nyc-metro"},
  {"pfi":"98","facilityName":"Brooks-TLC Hospital System, Inc.","system":"Guthrie Clinic","county":"Tioga","regionSlug":"southern-tier"},
  {"pfi":"207","facilityName":"Buffalo General Medical Center","system":"Kaleida Health","county":"Erie","regionSlug":"western-ny"},
  {"pfi":"1175","facilityName":"Calvary Hospital Inc","system":"Independent","county":"Bronx","regionSlug":"nyc-metro"},
  {"pfi":"815","facilityName":"Canton-Potsdam Hospital","system":"Independent","county":"St. Lawrence","regionSlug":"north-country"},
  {"pfi":"379","facilityName":"Carthage Area Hospital Inc","system":"Independent","county":"Jefferson","regionSlug":"north-country"},
  {"pfi":"977","facilityName":"Cayuga Medical Center at Ithaca","system":"Independent","county":"Tompkins","regionSlug":"southern-tier"},
  {"pfi":"128","facilityName":"Chenango Memorial Hospital Inc","system":"Independent","county":"Chenango","regionSlug":"southern-tier"},
  {"pfi":"798","facilityName":"Claxton-Hepburn Medical Center","system":"Independent","county":"St. Lawrence","regionSlug":"north-country"},
  {"pfi":"817","facilityName":"Clifton-Fine Hospital","system":"Independent","county":"St. Lawrence","regionSlug":"north-country"},
  {"pfi":"676","facilityName":"Clifton Springs Hospital and Clinic","system":"Rochester Regional Health","county":"Ontario","regionSlug":"finger-lakes"},
  {"pfi":"10216","facilityName":"Cobleskill Regional Hospital","system":"Bassett Healthcare Network","county":"Schoharie","regionSlug":"capital-district"},
  {"pfi":"3376","facilityName":"Cohen Children's Medical Center","system":"Northwell Health","county":"Nassau","regionSlug":"long-island"},
  {"pfi":"146","facilityName":"Columbia Memorial Hospital","system":"Albany Med Health System","county":"Columbia","regionSlug":"capital-district"},
  {"pfi":"401","facilityName":"Community Memorial Hospital Inc","system":"Independent","county":"Madison","regionSlug":"central-ny"},
  {"pfi":"1294","facilityName":"Coney Island Hospital","system":"NYC Health + Hospitals","county":"Kings","regionSlug":"nyc-metro"},
  {"pfi":"866","facilityName":"Corning Hospital","system":"Guthrie Clinic","county":"Steuben","regionSlug":"southern-tier"},
  {"pfi":"636","facilityName":"Crouse Hospital","system":"Crouse Health","county":"Onondaga","regionSlug":"central-ny"},
  {"pfi":"9059","facilityName":"Crouse Hospital - Commonwealth Division","system":"Crouse Health","county":"Onondaga","regionSlug":"central-ny"},
  {"pfi":"37","facilityName":"Cuba Memorial Hospital Inc","system":"Independent","county":"Allegany","regionSlug":"western-ny"},
  {"pfi":"10355","facilityName":"David H. Koch Center For Cancer Care","system":"Memorial Sloan Kettering","county":"New York","regionSlug":"nyc-metro"},
  {"pfi":"581","facilityName":"Degraff Memorial Hospital","system":"Kaleida Health","county":"Niagara","regionSlug":"western-ny"},
  {"pfi":"174","facilityName":"Delaware Valley Hospital Inc","system":"UHS (United Health Services)","county":"Delaware","regionSlug":"southern-tier"},
  {"pfi":"565","facilityName":"Eastern Niagara Hospital - Lockport Division","system":"Independent","county":"Niagara","regionSlug":"western-ny"},
  {"pfi":"1002","facilityName":"Ellenville Regional Hospital","system":"Independent","county":"Ulster","regionSlug":"hudson-valley"},
  {"pfi":"829","facilityName":"Ellis Hospital","system":"Ellis Medicine","county":"Schenectady","regionSlug":"capital-district"},
  {"pfi":"848","facilityName":"Ellis Hospital - Bellevue Woman's Care Center Division","system":"Ellis Medicine","county":"Schenectady","regionSlug":"capital-district"},
  {"pfi":"1626","facilityName":"Elmhurst Hospital Center","system":"NYC Health + Hospitals","county":"Queens","regionSlug":"nyc-metro"},
  {"pfi":"210","facilityName":"Erie County Medical Center","system":"ECMC","county":"Erie","regionSlug":"western-ny"},
  {"pfi":"599","facilityName":"Faxton-St Lukes Healthcare St Lukes Division","system":"Mohawk Valley Health System (MVHS)","county":"Oneida","regionSlug":"mohawk-valley"},
  {"pfi":"678","facilityName":"F.F. Thompson Hospital","system":"UR Medicine (Strong Memorial)","county":"Ontario","regionSlug":"finger-lakes"},
  {"pfi":"1628","facilityName":"Flushing Hospital Medical Center","system":"MediSys Health Network","county":"Queens","regionSlug":"nyc-metro"},
  {"pfi":"699","facilityName":"Garnet Health Medical Center","system":"Garnet Health","county":"Orange","regionSlug":"hudson-valley"},
  {"pfi":"971","facilityName":"Garnet Health Medical Center - Catskills","system":"Garnet Health","county":"Sullivan","regionSlug":"hudson-valley"},
  {"pfi":"968","facilityName":"Garnet Health Medical Center - Catskills - G. Hermann Site","system":"Garnet Health","county":"Sullivan","regionSlug":"hudson-valley"},
  {"pfi":"671","facilityName":"Geneva General Hospital","system":"Finger Lakes Health","county":"Ontario","regionSlug":"finger-lakes"},
  {"pfi":"490","facilityName":"Glen Cove Hospital","system":"Northwell Health","county":"Nassau","regionSlug":"long-island"},
  {"pfi":"1005","facilityName":"Glens Falls Hospital","system":"Independent","county":"Warren","regionSlug":"capital-district"},
  {"pfi":"925","facilityName":"Good Samaritan Hospital Medical Center","system":"Catholic Health","county":"Suffolk","regionSlug":"long-island"},
  {"pfi":"779","facilityName":"Good Samaritan Hospital of Suffern","system":"WMCHealth","county":"Rockland","regionSlug":"hudson-valley"},
  {"pfi":"812","facilityName":"Gouverneur Hospital","system":"Independent","county":"St. Lawrence","regionSlug":"north-country"},
  {"pfi":"158","facilityName":"Guthrie Cortland Medical Center","system":"Guthrie Clinic","county":"Cortland","regionSlug":"central-ny"},
  {"pfi":"1445","facilityName":"Harlem Hospital Center","system":"NYC Health + Hospitals","county":"New York","regionSlug":"nyc-metro"},
  {"pfi":"990","facilityName":"HealthAlliance Hospital Broadway Campus","system":"WMCHealth","county":"Ulster","regionSlug":"hudson-valley"},
  {"pfi":"775","facilityName":"Helen Hayes Hospital","system":"Independent","county":"Rockland","regionSlug":"hudson-valley"},
  {"pfi":"1486","facilityName":"Henry J. Carter Specialty Hospital","system":"NYC Health + Hospitals","county":"New York","regionSlug":"nyc-metro"},
  {"pfi":"409","facilityName":"Highland Hospital","system":"UR Medicine (Strong Memorial)","county":"Monroe","regionSlug":"finger-lakes"},
  {"pfi":"1447","facilityName":"Hospital for Special Surgery","system":"Independent","county":"New York","regionSlug":"nyc-metro"},
  {"pfi":"913","facilityName":"Huntington Hospital","system":"Northwell Health","county":"Suffolk","regionSlug":"long-island"},
  {"pfi":"1309","facilityName":"Interfaith Medical Center","system":"One Brooklyn Health","county":"Kings","regionSlug":"nyc-metro"},
  {"pfi":"873","facilityName":"Ira Davenport Memorial Hospital","system":"Arnot Health","county":"Steuben","regionSlug":"southern-tier"},
  {"pfi":"1165","facilityName":"Jacobi Medical Center","system":"NYC Health + Hospitals","county":"Bronx","regionSlug":"nyc-metro"},
  {"pfi":"1629","facilityName":"Jamaica Hospital Medical Center","system":"MediSys Health Network","county":"Queens","regionSlug":"nyc-metro"},
  {"pfi":"208","facilityName":"John R. Oishei Children's Hospital","system":"Kaleida Health","county":"Erie","regionSlug":"western-ny"},
  {"pfi":"895","facilityName":"John T Mather Memorial Hospital","system":"Northwell Health","county":"Suffolk","regionSlug":"long-island"},
  {"pfi":"267","facilityName":"Kenmore Mercy Hospital","system":"Catholic Health (Buffalo)","county":"Erie","regionSlug":"western-ny"},
  {"pfi":"1315","facilityName":"Kingsbrook Jewish Medical Center","system":"One Brooklyn Health","county":"Kings","regionSlug":"nyc-metro"},
  {"pfi":"1301","facilityName":"Kings County Hospital Center","system":"NYC Health + Hospitals","county":"Kings","regionSlug":"nyc-metro"},
  {"pfi":"12","facilityName":"Lakeview Center for Mental Health and Wellness","system":"Independent","county":"Albany","regionSlug":"capital-district"},
  {"pfi":"1450","facilityName":"Lenox Hill Hospital","system":"Northwell Health","county":"New York","regionSlug":"nyc-metro"},
  {"pfi":"383","facilityName":"Lewis County General Hospital","system":"Independent","county":"Lewis","regionSlug":"north-country"},
  {"pfi":"1172","facilityName":"Lincoln Medical & Mental Health Center","system":"NYC Health + Hospitals","county":"Bronx","regionSlug":"nyc-metro"},
  {"pfi":"362","facilityName":"Little Falls Hospital","system":"Bassett Healthcare Network","county":"Herkimer","regionSlug":"mohawk-valley"},
  {"pfi":"885","facilityName":"Long Island Community Hospital","system":"Independent","county":"Suffolk","regionSlug":"long-island"},
  {"pfi":"1638","facilityName":"Long Island Jewish Forest Hills","system":"Northwell Health","county":"Queens","regionSlug":"nyc-metro"},
  {"pfi":"1630","facilityName":"Long Island Jewish Medical Center","system":"Northwell Health","county":"Nassau","regionSlug":"long-island"},
  {"pfi":"518","facilityName":"Long Island Jewish Valley Stream","system":"Northwell Health","county":"Nassau","regionSlug":"long-island"},
  {"pfi":"1305","facilityName":"Maimonides Medical Center","system":"Independent","county":"Kings","regionSlug":"nyc-metro"},
  {"pfi":"170","facilityName":"Margaretville Hospital","system":"Bassett Healthcare Network","county":"Delaware","regionSlug":"southern-tier"},
  {"pfi":"746","facilityName":"Mary Imogene Bassett Hospital","system":"Bassett Healthcare Network","county":"Otsego","regionSlug":"southern-tier"},
  {"pfi":"804","facilityName":"Massena Hospital","system":"Independent","county":"St. Lawrence","regionSlug":"north-country"},
  {"pfi":"718","facilityName":"Medina Memorial Hospital","system":"Independent","county":"Orleans","regionSlug":"finger-lakes"},
  {"pfi":"1453","facilityName":"Memorial Hospital for Cancer and Allied Diseases","system":"Memorial Sloan Kettering","county":"New York","regionSlug":"nyc-metro"},
  {"pfi":"39","facilityName":"Jones Memorial Hospital","system":"Independent","county":"Allegany","regionSlug":"western-ny"},
  {"pfi":"513","facilityName":"Mercy Hospital","system":"Catholic Health","county":"Nassau","regionSlug":"long-island"},
  {"pfi":"213","facilityName":"Mercy Hospital of Buffalo","system":"Catholic Health (Buffalo)","county":"Erie","regionSlug":"western-ny"},
  {"pfi":"1454","facilityName":"Metropolitan Hospital Center","system":"NYC Health + Hospitals","county":"New York","regionSlug":"nyc-metro"},
  {"pfi":"180","facilityName":"Mid-Hudson Valley Division of Westchester Medical Center","system":"WMCHealth","county":"Dutchess","regionSlug":"hudson-valley"},
  {"pfi":"3067","facilityName":"Millard Fillmore Suburban Hospital","system":"Kaleida Health","county":"Erie","regionSlug":"western-ny"},
  {"pfi":"3058","facilityName":"Montefiore Med Center - Jack D Weiler Hospital","system":"Montefiore Health System","county":"Bronx","regionSlug":"nyc-metro"},
  {"pfi":"1169","facilityName":"Montefiore Medical Center - Henry & Lucy Moses Div","system":"Montefiore Health System","county":"Bronx","regionSlug":"nyc-metro"},
  {"pfi":"1168","facilityName":"Montefiore Medical Center - Wakefield Hospital","system":"Montefiore Health System","county":"Bronx","regionSlug":"nyc-metro"},
  {"pfi":"1061","facilityName":"Montefiore Mount Vernon Hospital","system":"Montefiore Health System","county":"Westchester","regionSlug":"hudson-valley"},
  {"pfi":"1072","facilityName":"Montefiore New Rochelle Hospital","system":"Montefiore Health System","county":"Westchester","regionSlug":"hudson-valley"},
  {"pfi":"776","facilityName":"Montefiore Nyack","system":"Montefiore Health System","county":"Rockland","regionSlug":"hudson-valley"},
  {"pfi":"1439","facilityName":"Mount Sinai Beth Israel","system":"Mount Sinai Health System","county":"New York","regionSlug":"nyc-metro"},
  {"pfi":"1324","facilityName":"Mount Sinai Brooklyn","system":"Mount Sinai Health System","county":"Kings","regionSlug":"nyc-metro"},
  {"pfi":"1456","facilityName":"Mount Sinai Hospital","system":"Mount Sinai Health System","county":"New York","regionSlug":"nyc-metro"},
  {"pfi":"1639","facilityName":"Mount Sinai Hospital of Queens","system":"Mount Sinai Health System","county":"Queens","regionSlug":"nyc-metro"},
  {"pfi":"1469","facilityName":"Mount Sinai Morningside","system":"Mount Sinai Health System","county":"New York","regionSlug":"nyc-metro"},
  {"pfi":"527","facilityName":"Mount Sinai South Nassau","system":"Mount Sinai Health System","county":"Nassau","regionSlug":"long-island"},
  {"pfi":"1466","facilityName":"Mount Sinai West","system":"Mount Sinai Health System","county":"New York","regionSlug":"nyc-metro"},
  {"pfi":"1460","facilityName":"New York Eye and Ear Infirmary of Mount Sinai","system":"Mount Sinai Health System","county":"New York","regionSlug":"nyc-metro"},
  {"pfi":"583","facilityName":"Mount St. Mary's Hospital and Health Center","system":"Catholic Health (Buffalo)","county":"Niagara","regionSlug":"western-ny"},
  {"pfi":"528","facilityName":"Nassau University Medical Center","system":"Independent","county":"Nassau","regionSlug":"long-island"},
  {"pfi":"330","facilityName":"Nathan Littauer Hospital","system":"Independent","county":"Fulton","regionSlug":"mohawk-valley"},
  {"pfi":"1028","facilityName":"Newark-Wayne Community Hospital","system":"Rochester Regional Health","county":"Wayne","regionSlug":"finger-lakes"},
  {"pfi":"1293","facilityName":"New York Community Hospital of Brooklyn","system":"NYU Langone Health","county":"Kings","regionSlug":"nyc-metro"},
  {"pfi":"1306","facilityName":"NewYork-Presbyterian Brooklyn Methodist Hospital","system":"NewYork-Presbyterian","county":"Kings","regionSlug":"nyc-metro"},
  {"pfi":"1122","facilityName":"NewYork-Presbyterian Hospital","system":"NewYork-Presbyterian","county":"New York","regionSlug":"nyc-metro"},
  {"pfi":"3975","facilityName":"NewYork-Presbyterian Hospital - Allen Hospital","system":"NewYork-Presbyterian","county":"New York","regionSlug":"nyc-metro"},
  {"pfi":"1464","facilityName":"NewYork-Presbyterian Hospital - Columbia Presbyterian Center","system":"NewYork-Presbyterian","county":"New York","regionSlug":"nyc-metro"},
  {"pfi":"1458","facilityName":"NewYork-Presbyterian Hospital - Weill Cornell Center","system":"NewYork-Presbyterian","county":"New York","regionSlug":"nyc-metro"},
  {"pfi":"1039","facilityName":"NewYork-Presbyterian/Hudson Valley Hospital","system":"NewYork-Presbyterian","county":"Westchester","regionSlug":"hudson-valley"},
  {"pfi":"1437","facilityName":"NewYork-Presbyterian/Lower Manhattan Hospital","system":"NewYork-Presbyterian","county":"New York","regionSlug":"nyc-metro"},
  {"pfi":"1637","facilityName":"NewYork-Presbyterian/Queens","system":"NewYork-Presbyterian","county":"Queens","regionSlug":"nyc-metro"},
  {"pfi":"1047","facilityName":"NewYork-Presbyterian Westchester Behavioral Health Center","system":"NewYork-Presbyterian","county":"Westchester","regionSlug":"hudson-valley"},
  {"pfi":"574","facilityName":"Niagara Falls Memorial Medical Center","system":"Independent","county":"Niagara","regionSlug":"western-ny"},
  {"pfi":"393","facilityName":"Nicholas H. Noyes Memorial Hospital","system":"UR Medicine (Strong Memorial)","county":"Livingston","regionSlug":"finger-lakes"},
  {"pfi":"1186","facilityName":"North Central Bronx Hospital","system":"NYC Health + Hospitals","county":"Bronx","regionSlug":"nyc-metro"},
  {"pfi":"192","facilityName":"Northern Dutchess Hospital","system":"Nuvance Health","county":"Dutchess","regionSlug":"hudson-valley"},
  {"pfi":"1117","facilityName":"Northern Westchester Hospital","system":"Northwell Health","county":"Westchester","regionSlug":"hudson-valley"},
  {"pfi":"541","facilityName":"North Shore University Hospital","system":"Northwell Health","county":"Nassau","regionSlug":"long-island"},
  {"pfi":"1304","facilityName":"NYU Langone Hospital-Brooklyn","system":"NYU Langone Health","county":"Kings","regionSlug":"nyc-metro"},
  {"pfi":"511","facilityName":"NYU Langone Hospital-Long Island","system":"NYU Langone Health","county":"Nassau","regionSlug":"long-island"},
  {"pfi":"1463","facilityName":"NYU Langone Hospitals","system":"NYU Langone Health","county":"New York","regionSlug":"nyc-metro"},
  {"pfi":"1446","facilityName":"NYU Langone Orthopedic Hospital","system":"NYU Langone Health","county":"New York","regionSlug":"nyc-metro"},
  {"pfi":"165","facilityName":"O'Connor Hospital","system":"Independent","county":"Delaware","regionSlug":"southern-tier"},
  {"pfi":"66","facilityName":"Olean General Hospital","system":"Independent","county":"Cattaraugus","regionSlug":"western-ny"},
  {"pfi":"397","facilityName":"Oneida Health Hospital","system":"Independent","county":"Madison","regionSlug":"central-ny"},
  {"pfi":"727","facilityName":"Oswego Hospital","system":"Independent","county":"Oswego","regionSlug":"central-ny"},
  {"pfi":"43","facilityName":"Our Lady of Lourdes Memorial Hospital","system":"Lourdes Hospital (Ascension)","county":"Broome","regionSlug":"southern-tier"},
  {"pfi":"938","facilityName":"Peconic Bay Medical Center","system":"Northwell Health","county":"Suffolk","regionSlug":"long-island"},
  {"pfi":"1129","facilityName":"Phelps Hospital","system":"Northwell Health","county":"Westchester","regionSlug":"hudson-valley"},
  {"pfi":"552","facilityName":"Plainview Hospital","system":"Northwell Health","county":"Nassau","regionSlug":"long-island"},
  {"pfi":"752","facilityName":"Putnam Hospital","system":"Nuvance Health","county":"Putnam","regionSlug":"hudson-valley"},
  {"pfi":"1633","facilityName":"Queens Hospital Center","system":"NYC Health + Hospitals","county":"Queens","regionSlug":"nyc-metro"},
  {"pfi":"1738","facilityName":"Richmond University Medical Center","system":"Independent","county":"Richmond","regionSlug":"nyc-metro"},
  {"pfi":"377","facilityName":"River Hospital, Inc.","system":"Independent","county":"Jefferson","regionSlug":"north-country"},
  {"pfi":"411","facilityName":"Rochester General Hospital","system":"Rochester Regional Health","county":"Monroe","regionSlug":"finger-lakes"},
  {"pfi":"589","facilityName":"Rome Memorial Hospital, Inc","system":"Independent","county":"Oneida","regionSlug":"mohawk-valley"},
  {"pfi":"216","facilityName":"Roswell Park Cancer Institute","system":"Independent","county":"Erie","regionSlug":"western-ny"},
  {"pfi":"756","facilityName":"Samaritan Hospital","system":"St. Peter's Health Partners (Trinity Health)","county":"Rensselaer","regionSlug":"capital-district"},
  {"pfi":"755","facilityName":"Samaritan Hospital - St. Mary's Campus","system":"St. Peter's Health Partners (Trinity Health)","county":"Rensselaer","regionSlug":"capital-district"},
  {"pfi":"367","facilityName":"Samaritan Medical Center","system":"Independent","county":"Jefferson","regionSlug":"north-country"},
  {"pfi":"818","facilityName":"Saratoga Hospital","system":"Independent","county":"Saratoga","regionSlug":"capital-district"},
  {"pfi":"1176","facilityName":"SBH Health System","system":"Independent","county":"Bronx","regionSlug":"nyc-metro"},
  {"pfi":"858","facilityName":"Schuyler Hospital","system":"Independent","county":"Schuyler","regionSlug":"southern-tier"},
  {"pfi":"218","facilityName":"Sisters of Charity Hospital","system":"Catholic Health (Buffalo)","county":"Erie","regionSlug":"western-ny"},
  {"pfi":"292","facilityName":"Sisters of Charity Hospital - St. Joseph Campus","system":"Catholic Health (Buffalo)","county":"Erie","regionSlug":"western-ny"},
  {"pfi":"1124","facilityName":"SJRH - Dobbs Ferry Pavilion","system":"St. John's Riverside Hospital","county":"Westchester","regionSlug":"hudson-valley"},
  {"pfi":"1099","facilityName":"SJRH - Park Care Pavilion","system":"St. John's Riverside Hospital","county":"Westchester","regionSlug":"hudson-valley"},
  {"pfi":"1097","facilityName":"SJRH - St Johns Division","system":"St. John's Riverside Hospital","county":"Westchester","regionSlug":"hudson-valley"},
  {"pfi":"1158","facilityName":"Soldiers and Sailors Memorial Hospital","system":"Finger Lakes Health","county":"Yates","regionSlug":"finger-lakes"},
  {"pfi":"924","facilityName":"South Shore University Hospital","system":"Northwell Health","county":"Suffolk","regionSlug":"long-island"},
  {"pfi":"704","facilityName":"St Anthony Community Hospital","system":"Garnet Health","county":"Orange","regionSlug":"hudson-valley"},
  {"pfi":"1737","facilityName":"Staten Island University Hospital Prince's Bay","system":"Northwell Health","county":"Richmond","regionSlug":"nyc-metro"},
  {"pfi":"1740","facilityName":"Staten Island University Hospital - North","system":"Northwell Health","county":"Richmond","regionSlug":"nyc-metro"},
  {"pfi":"943","facilityName":"St Catherine of Siena Hospital","system":"Catholic Health","county":"Suffolk","regionSlug":"long-island"},
  {"pfi":"896","facilityName":"St. Charles Hospital","system":"Catholic Health","county":"Suffolk","regionSlug":"long-island"},
  {"pfi":"598","facilityName":"St Elizabeth Medical Center","system":"Mohawk Valley Health System (MVHS)","county":"Oneida","regionSlug":"mohawk-valley"},
  {"pfi":"563","facilityName":"St. Francis Hospital & Heart Center","system":"Catholic Health","county":"Nassau","regionSlug":"long-island"},
  {"pfi":"870","facilityName":"St. James Hospital","system":"Catholic Health","county":"Suffolk","regionSlug":"long-island"},
  {"pfi":"1635","facilityName":"St Johns Episcopal Hospital So Shore","system":"Independent","county":"Queens","regionSlug":"nyc-metro"},
  {"pfi":"551","facilityName":"St. Joseph Hospital","system":"Catholic Health","county":"Suffolk","regionSlug":"long-island"},
  {"pfi":"118","facilityName":"St. Joseph's Hospital","system":"Arnot Health","county":"Chemung","regionSlug":"southern-tier"},
  {"pfi":"630","facilityName":"St. Joseph's Hospital Health Center","system":"St. Joseph's Health","county":"Onondaga","regionSlug":"central-ny"},
  {"pfi":"1133","facilityName":"St. Joseph's MC - St. Vincent's Westchester Division","system":"Independent","county":"Westchester","regionSlug":"hudson-valley"},
  {"pfi":"1098","facilityName":"St. Joseph's Medical Center","system":"Independent","county":"Westchester","regionSlug":"hudson-valley"},
  {"pfi":"694","facilityName":"St Luke's Cornwall Hospital/Newburgh","system":"Montefiore Health System","county":"Orange","regionSlug":"hudson-valley"},
  {"pfi":"484","facilityName":"St. Mary's Healthcare","system":"Independent","county":"Montgomery","regionSlug":"mohawk-valley"},
  {"pfi":"482","facilityName":"St. Mary's Healthcare - Amsterdam Memorial Campus","system":"Independent","county":"Montgomery","regionSlug":"mohawk-valley"},
  {"pfi":"891","facilityName":"Stony Brook Eastern Long Island Hospital","system":"Stony Brook Medicine","county":"Suffolk","regionSlug":"long-island"},
  {"pfi":"889","facilityName":"Stony Brook Southampton Hospital","system":"Stony Brook Medicine","county":"Suffolk","regionSlug":"long-island"},
  {"pfi":"245","facilityName":"Stony Brook University Hospital","system":"Stony Brook Medicine","county":"Suffolk","regionSlug":"long-island"},
  {"pfi":"9431","facilityName":"St. Peter's Addiction Recovery Center","system":"St. Peter's Health Partners (Trinity Health)","county":"Albany","regionSlug":"capital-district"},
  {"pfi":"5","facilityName":"St. Peter's Hospital","system":"St. Peter's Health Partners (Trinity Health)","county":"Albany","regionSlug":"capital-district"},
  {"pfi":"413","facilityName":"Strong Memorial Hospital","system":"UR Medicine (Strong Memorial)","county":"Monroe","regionSlug":"finger-lakes"},
  {"pfi":"831","facilityName":"Sunnyview Hospital and Rehabilitation Center","system":"Ellis Medicine","county":"Schenectady","regionSlug":"capital-district"},
  {"pfi":"550","facilityName":"Syosset Hospital","system":"Northwell Health","county":"Nassau","regionSlug":"long-island"},
  {"pfi":"471","facilityName":"The Unity Hospital of Rochester","system":"Rochester Regional Health","county":"Monroe","regionSlug":"finger-lakes"},
  {"pfi":"325","facilityName":"UVM Health Network - Alice Hyde Medical Center","system":"UVM Health Network","county":"Franklin","regionSlug":"north-country"},
  {"pfi":"135","facilityName":"UVM Health Network - Champlain Valley Physicians Hospital","system":"UVM Health Network","county":"Clinton","regionSlug":"north-country"},
  {"pfi":"303","facilityName":"UVM Health Network - Elizabethtown Community Hospital","system":"UVM Health Network","county":"Essex","regionSlug":"north-country"},
  {"pfi":"42","facilityName":"UHS Hospitals - Binghamton General Hospital","system":"UHS (United Health Services)","county":"Broome","regionSlug":"southern-tier"},
  {"pfi":"58","facilityName":"UHS Hospitals - Wilson Medical Center","system":"UHS (United Health Services)","county":"Broome","regionSlug":"southern-tier"},
  {"pfi":"340","facilityName":"United Memorial Medical Center Bank Street Campus","system":"Rochester Regional Health","county":"Genesee","regionSlug":"finger-lakes"},
  {"pfi":"339","facilityName":"United Memorial Medical Center North Street Campus","system":"Rochester Regional Health","county":"Genesee","regionSlug":"finger-lakes"},
  {"pfi":"412","facilityName":"Unity Specialty Hospital","system":"Rochester Regional Health","county":"Monroe","regionSlug":"finger-lakes"},
  {"pfi":"1320","facilityName":"University Hospital of Brooklyn - SUNY Downstate","system":"Independent","county":"Kings","regionSlug":"nyc-metro"},
  {"pfi":"635","facilityName":"University Hospital SUNY Health Science Center","system":"Upstate University Health System","county":"Onondaga","regionSlug":"central-ny"},
  {"pfi":"103","facilityName":"UPMC Chautauqua at WCA","system":"UPMC","county":"Chautauqua","regionSlug":"western-ny"},
  {"pfi":"628","facilityName":"UPSTATE University Hospital at Community General","system":"Upstate University Health System","county":"Onondaga","regionSlug":"central-ny"},
  {"pfi":"181","facilityName":"Vassar Brothers Medical Center","system":"Nuvance Health","county":"Dutchess","regionSlug":"hudson-valley"},
  {"pfi":"1139","facilityName":"Westchester Medical Center","system":"WMCHealth","county":"Westchester","regionSlug":"hudson-valley"},
  {"pfi":"111","facilityName":"Westfield Memorial Hospital Inc","system":"Independent","county":"Chautauqua","regionSlug":"western-ny"},
  {"pfi":"1045","facilityName":"White Plains Hospital Center","system":"Montefiore Health System","county":"Westchester","regionSlug":"hudson-valley"},
  {"pfi":"1046","facilityName":"Burke Rehabilitation Hospital","system":"Montefiore Health System","county":"Westchester","regionSlug":"hudson-valley"},
  {"pfi":"1692","facilityName":"Woodhull Medical & Mental Health Center","system":"NYC Health + Hospitals","county":"Kings","regionSlug":"nyc-metro"},
  {"pfi":"1318","facilityName":"Wyckoff Heights Medical Center","system":"Independent","county":"Kings","regionSlug":"nyc-metro"},
  {"pfi":"1153","facilityName":"Wyoming County Community Hospital","system":"Independent","county":"Wyoming","regionSlug":"finger-lakes"}
]
